detected_at,rule,responded_at,mttr_seconds,correlation_mode
2025-10-19T09:17:11.646844+00:00,Drop and execute new binary in container,2025-10-19T09:29:00.328978+00:00,708.682134,time-only
2025-10-19T09:26:14.912968+00:00,Read sensitive file untrusted,2025-10-19T09:29:00.328978+00:00,165.416010,time-only
2025-10-19T09:26:14.913422+00:00,Read sensitive file untrusted,2025-10-19T09:29:00.328978+00:00,165.415556,time-only
2025-10-19T09:26:14.913921+00:00,Read sensitive file untrusted,2025-10-19T09:29:00.328978+00:00,165.415057,time-only
2025-10-19T09:26:14.914589+00:00,Read sensitive file untrusted,2025-10-19T09:29:00.328978+00:00,165.414389,time-only
2025-10-19T09:26:14.915108+00:00,Read sensitive file untrusted,2025-10-19T09:29:00.328978+00:00,165.413870,time-only
2025-10-19T09:26:14.915459+00:00,Read sensitive file untrusted,2025-10-19T09:29:00.328978+00:00,165.413519,time-only
2025-10-19T09:26:14.915470+00:00,Read sensitive file untrusted,2025-10-19T09:29:00.328978+00:00,165.413508,time-only
2025-10-19T09:26:14.915496+00:00,Read sensitive file untrusted,2025-10-19T09:29:00.328978+00:00,165.413482,time-only
2025-10-19T09:26:14.915516+00:00,Read sensitive file untrusted,2025-10-19T09:29:00.328978+00:00,165.413462,time-only
2025-10-19T09:26:14.915539+00:00,Read sensitive file untrusted,2025-10-19T09:29:00.328978+00:00,165.413439,time-only
2025-10-19T09:26:14.916973+00:00,Read sensitive file untrusted,2025-10-19T09:29:00.328978+00:00,165.412005,time-only
2025-10-19T09:26:15.095944+00:00,Read sensitive file untrusted,2025-10-19T09:29:00.328978+00:00,165.233034,time-only
2025-10-19T09:26:15.096899+00:00,Read sensitive file untrusted,2025-10-19T09:29:00.328978+00:00,165.232079,time-only
2025-10-19T09:26:15.099535+00:00,Read sensitive file untrusted,2025-10-19T09:29:00.328978+00:00,165.229443,time-only
2025-10-19T09:26:15.100785+00:00,Read sensitive file untrusted,2025-10-19T09:29:00.328978+00:00,165.228193,time-only
2025-10-19T09:26:15.100812+00:00,Read sensitive file untrusted,2025-10-19T09:29:00.328978+00:00,165.228166,time-only
2025-10-19T09:26:15.101182+00:00,Read sensitive file untrusted,2025-10-19T09:29:00.328978+00:00,165.227796,time-only
2025-10-19T09:26:15.101250+00:00,Read sensitive file untrusted,2025-10-19T09:29:00.328978+00:00,165.227728,time-only
2025-10-19T09:26:15.102156+00:00,Read sensitive file untrusted,2025-10-19T09:29:00.328978+00:00,165.226822,time-only
2025-10-19T09:26:15.767126+00:00,Read sensitive file untrusted,2025-10-19T09:29:00.328978+00:00,164.561852,time-only
2025-10-19T09:26:15.804270+00:00,Read sensitive file untrusted,2025-10-19T09:29:00.328978+00:00,164.524708,time-only
2025-10-19T09:27:52.695845+00:00,Redirect STDOUT/STDIN to Network Connection in Container,2025-10-19T09:29:00.328978+00:00,67.633133,time-only
2025-10-19T09:27:52.695846+00:00,Redirect STDOUT/STDIN to Network Connection in Container,2025-10-19T09:29:00.328978+00:00,67.633132,time-only
2025-10-19T09:29:04.158182+00:00,Network Port Scan with Python,2025-10-19T09:29:18.788514+00:00,14.630332,time-only
2025-10-19T09:29:04.158294+00:00,Data Exfiltration via Python,2025-10-19T09:29:18.788514+00:00,14.630220,time-only
2025-10-19T09:29:04.158302+00:00,Data Exfiltration via Python,2025-10-19T09:29:18.788514+00:00,14.630212,time-only
2025-10-19T09:29:04.158314+00:00,Data Exfiltration via Python,2025-10-19T09:29:18.788514+00:00,14.630200,time-only
2025-10-19T09:29:04.158318+00:00,Data Exfiltration via Python,2025-10-19T09:29:18.788514+00:00,14.630196,time-only
2025-10-19T09:29:04.158329+00:00,Data Exfiltration via Python,2025-10-19T09:29:18.788514+00:00,14.630185,time-only
2025-10-19T09:29:04.158333+00:00,Data Exfiltration via Python,2025-10-19T09:29:18.788514+00:00,14.630181,time-only
2025-10-19T09:29:04.158374+00:00,Data Exfiltration via Python,2025-10-19T09:29:18.788514+00:00,14.630140,time-only
2025-10-19T09:29:04.158382+00:00,Data Exfiltration via Python,2025-10-19T09:29:18.788514+00:00,14.630132,time-only
2025-10-19T09:29:04.225383+00:00,Data Exfiltration via Python,2025-10-19T09:29:18.788514+00:00,14.563131,time-only
2025-10-19T09:29:04.225416+00:00,Data Exfiltration via Python,2025-10-19T09:29:18.788514+00:00,14.563098,time-only
2025-10-19T09:29:04.225437+00:00,Data Exfiltration via Python,2025-10-19T09:29:18.788514+00:00,14.563077,time-only
2025-10-19T09:29:04.225477+00:00,Data Exfiltration via Python,2025-10-19T09:29:18.788514+00:00,14.563037,time-only
2025-10-19T09:29:04.247020+00:00,Data Exfiltration via Python,2025-10-19T09:29:18.788514+00:00,14.541494,time-only
2025-10-19T09:29:04.254401+00:00,Data Exfiltration via Python,2025-10-19T09:29:18.788514+00:00,14.534113,time-only
2025-10-19T09:29:04.254415+00:00,Data Exfiltration via Python,2025-10-19T09:29:18.788514+00:00,14.534099,time-only
2025-10-19T09:29:04.254501+00:00,Data Exfiltration via Python,2025-10-19T09:29:18.788514+00:00,14.534013,time-only
2025-10-19T09:29:04.255984+00:00,Data Exfiltration via Python,2025-10-19T09:29:18.788514+00:00,14.532530,time-only
2025-10-19T09:29:04.256531+00:00,Data Exfiltration via Python,2025-10-19T09:29:18.788514+00:00,14.531983,time-only
2025-10-19T09:29:04.256654+00:00,Data Exfiltration via Python,2025-10-19T09:29:18.788514+00:00,14.531860,time-only
2025-10-19T09:29:04.261717+00:00,Data Exfiltration via Python,2025-10-19T09:29:18.788514+00:00,14.526797,time-only
2025-10-19T09:29:04.261727+00:00,Data Exfiltration via Python,2025-10-19T09:29:18.788514+00:00,14.526787,time-only
2025-10-19T09:29:04.261747+00:00,Data Exfiltration via Python,2025-10-19T09:29:18.788514+00:00,14.526767,time-only
2025-10-19T09:29:04.261777+00:00,Data Exfiltration via Python,2025-10-19T09:29:18.788514+00:00,14.526737,time-only
2025-10-19T09:29:04.262809+00:00,Data Exfiltration via Python,2025-10-19T09:29:18.788514+00:00,14.525705,time-only
2025-10-19T09:29:04.262851+00:00,Data Exfiltration via Python,2025-10-19T09:29:18.788514+00:00,14.525663,time-only
2025-10-19T09:29:04.262903+00:00,Data Exfiltration via Python,2025-10-19T09:29:18.788514+00:00,14.525611,time-only
2025-10-19T09:29:04.263509+00:00,Data Exfiltration via Python,2025-10-19T09:29:18.788514+00:00,14.525005,time-only
2025-10-19T09:29:04.263585+00:00,Data Exfiltration via Python,2025-10-19T09:29:18.788514+00:00,14.524929,time-only
2025-10-19T09:29:04.264174+00:00,Data Exfiltration via Python,2025-10-19T09:29:18.788514+00:00,14.524340,time-only
2025-10-19T09:29:04.265267+00:00,Data Exfiltration via Python,2025-10-19T09:29:18.788514+00:00,14.523247,time-only
2025-10-19T09:29:04.266379+00:00,Data Exfiltration via Python,2025-10-19T09:29:18.788514+00:00,14.522135,time-only
2025-10-19T09:29:04.266395+00:00,Data Exfiltration via Python,2025-10-19T09:29:18.788514+00:00,14.522119,time-only
2025-10-19T09:29:04.267363+00:00,Data Exfiltration via Python,2025-10-19T09:29:18.788514+00:00,14.521151,time-only
2025-10-19T09:29:04.268280+00:00,Data Exfiltration via Python,2025-10-19T09:29:18.788514+00:00,14.520234,time-only
2025-10-19T09:29:04.268368+00:00,Data Exfiltration via Python,2025-10-19T09:29:18.788514+00:00,14.520146,time-only
2025-10-19T09:29:04.268377+00:00,Data Exfiltration via Python,2025-10-19T09:29:18.788514+00:00,14.520137,time-only
2025-10-19T09:29:04.268467+00:00,Data Exfiltration via Python,2025-10-19T09:29:18.788514+00:00,14.520047,time-only
2025-10-19T09:29:04.268622+00:00,Data Exfiltration via Python,2025-10-19T09:29:18.788514+00:00,14.519892,time-only
2025-10-19T09:29:04.275201+00:00,Data Exfiltration via Python,2025-10-19T09:29:18.788514+00:00,14.513313,time-only
2025-10-19T09:29:04.275246+00:00,Data Exfiltration via Python,2025-10-19T09:29:18.788514+00:00,14.513268,time-only
2025-10-19T09:29:04.275743+00:00,Data Exfiltration via Python,2025-10-19T09:29:18.788514+00:00,14.512771,time-only
2025-10-19T09:29:04.275759+00:00,Data Exfiltration via Python,2025-10-19T09:29:18.788514+00:00,14.512755,time-only
2025-10-19T09:29:04.277014+00:00,Data Exfiltration via Python,2025-10-19T09:29:18.788514+00:00,14.511500,time-only
2025-10-19T09:29:04.277169+00:00,Data Exfiltration via Python,2025-10-19T09:29:18.788514+00:00,14.511345,time-only
2025-10-19T09:29:04.277177+00:00,Data Exfiltration via Python,2025-10-19T09:29:18.788514+00:00,14.511337,time-only
2025-10-19T09:29:04.277301+00:00,Data Exfiltration via Python,2025-10-19T09:29:18.788514+00:00,14.511213,time-only
2025-10-19T09:29:04.279444+00:00,Data Exfiltration via Python,2025-10-19T09:29:18.788514+00:00,14.509070,time-only
2025-10-19T09:29:04.279464+00:00,Data Exfiltration via Python,2025-10-19T09:29:18.788514+00:00,14.509050,time-only
2025-10-19T09:29:04.279484+00:00,Data Exfiltration via Python,2025-10-19T09:29:18.788514+00:00,14.509030,time-only
2025-10-19T09:29:04.279500+00:00,Data Exfiltration via Python,2025-10-19T09:29:18.788514+00:00,14.509014,time-only
2025-10-19T09:29:04.279606+00:00,Data Exfiltration via Python,2025-10-19T09:29:18.788514+00:00,14.508908,time-only
2025-10-19T09:29:04.279904+00:00,Data Exfiltration via Python,2025-10-19T09:29:18.788514+00:00,14.508610,time-only
2025-10-19T09:29:04.279919+00:00,Data Exfiltration via Python,2025-10-19T09:29:18.788514+00:00,14.508595,time-only
2025-10-19T09:29:04.279932+00:00,Data Exfiltration via Python,2025-10-19T09:29:18.788514+00:00,14.508582,time-only
2025-10-19T09:29:04.280553+00:00,Data Exfiltration via Python,2025-10-19T09:29:18.788514+00:00,14.507961,time-only
2025-10-19T09:29:04.280583+00:00,Data Exfiltration via Python,2025-10-19T09:29:18.788514+00:00,14.507931,time-only
2025-10-19T09:29:04.280595+00:00,Data Exfiltration via Python,2025-10-19T09:29:18.788514+00:00,14.507919,time-only
2025-10-19T09:29:04.281684+00:00,Data Exfiltration via Python,2025-10-19T09:29:18.788514+00:00,14.506830,time-only
2025-10-19T09:29:04.281696+00:00,Data Exfiltration via Python,2025-10-19T09:29:18.788514+00:00,14.506818,time-only
2025-10-19T09:29:04.281707+00:00,Data Exfiltration via Python,2025-10-19T09:29:18.788514+00:00,14.506807,time-only
2025-10-19T09:29:04.282038+00:00,Data Exfiltration via Python,2025-10-19T09:29:18.788514+00:00,14.506476,time-only
2025-10-19T09:29:04.282058+00:00,Data Exfiltration via Python,2025-10-19T09:29:18.788514+00:00,14.506456,time-only
2025-10-19T09:29:04.282472+00:00,Data Exfiltration via Python,2025-10-19T09:29:18.788514+00:00,14.506042,time-only
2025-10-19T09:29:04.282591+00:00,Data Exfiltration via Python,2025-10-19T09:29:18.788514+00:00,14.505923,time-only
2025-10-19T09:29:04.282843+00:00,Data Exfiltration via Python,2025-10-19T09:29:18.788514+00:00,14.505671,time-only
2025-10-19T09:29:04.292447+00:00,Data Exfiltration via Python,2025-10-19T09:29:18.788514+00:00,14.496067,time-only
2025-10-19T09:29:04.292471+00:00,Data Exfiltration via Python,2025-10-19T09:29:18.788514+00:00,14.496043,time-only
2025-10-19T09:29:04.292491+00:00,Data Exfiltration via Python,2025-10-19T09:29:18.788514+00:00,14.496023,time-only
2025-10-19T09:29:04.292502+00:00,Data Exfiltration via Python,2025-10-19T09:29:18.788514+00:00,14.496012,time-only
2025-10-19T09:29:04.292513+00:00,Data Exfiltration via Python,2025-10-19T09:29:18.788514+00:00,14.496001,time-only
2025-10-19T09:29:04.293883+00:00,Data Exfiltration via Python,2025-10-19T09:29:18.788514+00:00,14.494631,time-only
2025-10-19T09:29:04.293941+00:00,Data Exfiltration via Python,2025-10-19T09:29:18.788514+00:00,14.494573,time-only
2025-10-19T09:29:04.293952+00:00,Data Exfiltration via Python,2025-10-19T09:29:18.788514+00:00,14.494562,time-only
2025-10-19T09:29:04.294302+00:00,Data Exfiltration via Python,2025-10-19T09:29:18.788514+00:00,14.494212,time-only
2025-10-19T09:29:04.294576+00:00,Data Exfiltration via Python,2025-10-19T09:29:18.788514+00:00,14.493938,time-only
2025-10-19T09:29:04.294596+00:00,Data Exfiltration via Python,2025-10-19T09:29:18.788514+00:00,14.493918,time-only
2025-10-19T09:29:04.294621+00:00,Data Exfiltration via Python,2025-10-19T09:29:18.788514+00:00,14.493893,time-only
2025-10-19T09:29:04.294950+00:00,Data Exfiltration via Python,2025-10-19T09:29:18.788514+00:00,14.493564,time-only
2025-10-19T09:29:04.295471+00:00,Data Exfiltration via Python,2025-10-19T09:29:18.788514+00:00,14.493043,time-only
2025-10-19T09:29:04.295493+00:00,Data Exfiltration via Python,2025-10-19T09:29:18.788514+00:00,14.493021,time-only
2025-10-19T09:29:04.295569+00:00,Data Exfiltration via Python,2025-10-19T09:29:18.788514+00:00,14.492945,time-only
2025-10-19T09:29:04.303742+00:00,Data Exfiltration via Python,2025-10-19T09:29:18.788514+00:00,14.484772,time-only
2025-10-19T09:29:04.306571+00:00,Data Exfiltration via Python,2025-10-19T09:29:18.788514+00:00,14.481943,time-only
2025-10-19T09:29:04.306602+00:00,Data Exfiltration via Python,2025-10-19T09:29:18.788514+00:00,14.481912,time-only
2025-10-19T09:29:04.317230+00:00,Data Exfiltration via Python,2025-10-19T09:29:18.788514+00:00,14.471284,time-only
2025-10-19T09:29:04.317256+00:00,Data Exfiltration via Python,2025-10-19T09:29:18.788514+00:00,14.471258,time-only
2025-10-19T09:29:04.317271+00:00,Data Exfiltration via Python,2025-10-19T09:29:18.788514+00:00,14.471243,time-only
2025-10-19T09:29:04.317288+00:00,Data Exfiltration via Python,2025-10-19T09:29:18.788514+00:00,14.471226,time-only
2025-10-19T09:29:04.317528+00:00,Data Exfiltration via Python,2025-10-19T09:29:18.788514+00:00,14.470986,time-only
2025-10-19T09:29:04.317547+00:00,Data Exfiltration via Python,2025-10-19T09:29:18.788514+00:00,14.470967,time-only
2025-10-19T09:29:04.317567+00:00,Data Exfiltration via Python,2025-10-19T09:29:18.788514+00:00,14.470947,time-only
2025-10-19T09:29:04.317580+00:00,Data Exfiltration via Python,2025-10-19T09:29:18.788514+00:00,14.470934,time-only
2025-10-19T09:29:04.319616+00:00,Data Exfiltration via Python,2025-10-19T09:29:18.788514+00:00,14.468898,time-only
2025-10-19T09:29:04.319626+00:00,Data Exfiltration via Python,2025-10-19T09:29:18.788514+00:00,14.468888,time-only
2025-10-19T09:29:04.319634+00:00,Data Exfiltration via Python,2025-10-19T09:29:18.788514+00:00,14.468880,time-only
2025-10-19T09:29:04.319641+00:00,Data Exfiltration via Python,2025-10-19T09:29:18.788514+00:00,14.468873,time-only
2025-10-19T09:29:04.319674+00:00,Data Exfiltration via Python,2025-10-19T09:29:18.788514+00:00,14.468840,time-only
2025-10-19T09:29:04.319682+00:00,Data Exfiltration via Python,2025-10-19T09:29:18.788514+00:00,14.468832,time-only
2025-10-19T09:29:04.319688+00:00,Data Exfiltration via Python,2025-10-19T09:29:18.788514+00:00,14.468826,time-only
2025-10-19T09:29:04.319694+00:00,Data Exfiltration via Python,2025-10-19T09:29:18.788514+00:00,14.468820,time-only
2025-10-19T09:29:04.321191+00:00,Data Exfiltration via Python,2025-10-19T09:29:18.788514+00:00,14.467323,time-only
2025-10-19T09:29:04.321219+00:00,Data Exfiltration via Python,2025-10-19T09:29:18.788514+00:00,14.467295,time-only
2025-10-19T09:29:04.321238+00:00,Data Exfiltration via Python,2025-10-19T09:29:18.788514+00:00,14.467276,time-only
2025-10-19T09:29:04.321254+00:00,Data Exfiltration via Python,2025-10-19T09:29:18.788514+00:00,14.467260,time-only
2025-10-19T09:29:04.322366+00:00,Data Exfiltration via Python,2025-10-19T09:29:18.788514+00:00,14.466148,time-only
2025-10-19T09:29:04.322548+00:00,Data Exfiltration via Python,2025-10-19T09:29:18.788514+00:00,14.465966,time-only
2025-10-19T09:29:04.322906+00:00,Data Exfiltration via Python,2025-10-19T09:29:18.788514+00:00,14.465608,time-only
2025-10-19T09:29:04.322954+00:00,Data Exfiltration via Python,2025-10-19T09:29:18.788514+00:00,14.465560,time-only
2025-10-19T09:29:04.323020+00:00,Data Exfiltration via Python,2025-10-19T09:29:18.788514+00:00,14.465494,time-only
2025-10-19T09:29:04.324987+00:00,Data Exfiltration via Python,2025-10-19T09:29:18.788514+00:00,14.463527,time-only
2025-10-19T09:29:04.326201+00:00,Data Exfiltration via Python,2025-10-19T09:29:18.788514+00:00,14.462313,time-only
2025-10-19T09:29:04.326229+00:00,Data Exfiltration via Python,2025-10-19T09:29:18.788514+00:00,14.462285,time-only
2025-10-19T09:29:04.326244+00:00,Data Exfiltration via Python,2025-10-19T09:29:18.788514+00:00,14.462270,time-only
2025-10-19T09:29:04.326986+00:00,Data Exfiltration via Python,2025-10-19T09:29:18.788514+00:00,14.461528,time-only
2025-10-19T09:29:04.327440+00:00,Data Exfiltration via Python,2025-10-19T09:29:18.788514+00:00,14.461074,time-only
2025-10-19T09:29:04.327468+00:00,Data Exfiltration via Python,2025-10-19T09:29:18.788514+00:00,14.461046,time-only
2025-10-19T09:29:04.327544+00:00,Data Exfiltration via Python,2025-10-19T09:29:18.788514+00:00,14.460970,time-only
2025-10-19T09:29:04.327690+00:00,Data Exfiltration via Python,2025-10-19T09:29:18.788514+00:00,14.460824,time-only
2025-10-19T09:29:04.367605+00:00,Data Exfiltration via Python,2025-10-19T09:29:18.788514+00:00,14.420909,time-only
2025-10-19T09:29:04.367624+00:00,Data Exfiltration via Python,2025-10-19T09:29:18.788514+00:00,14.420890,time-only
2025-10-19T09:29:04.367652+00:00,Data Exfiltration via Python,2025-10-19T09:29:18.788514+00:00,14.420862,time-only
2025-10-19T09:29:04.373605+00:00,Data Exfiltration via Python,2025-10-19T09:29:18.788514+00:00,14.414909,time-only
2025-10-19T09:29:04.373637+00:00,Data Exfiltration via Python,2025-10-19T09:29:18.788514+00:00,14.414877,time-only
2025-10-19T09:29:04.373672+00:00,Data Exfiltration via Python,2025-10-19T09:29:18.788514+00:00,14.414842,time-only
2025-10-19T09:29:04.373700+00:00,Data Exfiltration via Python,2025-10-19T09:29:18.788514+00:00,14.414814,time-only
2025-10-19T09:29:04.415768+00:00,Data Exfiltration via Python,2025-10-19T09:29:18.788514+00:00,14.372746,time-only
2025-10-19T09:29:04.415782+00:00,Data Exfiltration via Python,2025-10-19T09:29:18.788514+00:00,14.372732,time-only
2025-10-19T09:29:04.416779+00:00,Data Exfiltration via Python,2025-10-19T09:29:18.788514+00:00,14.371735,time-only
2025-10-19T09:29:04.416808+00:00,Data Exfiltration via Python,2025-10-19T09:29:18.788514+00:00,14.371706,time-only
2025-10-19T09:29:04.416826+00:00,Data Exfiltration via Python,2025-10-19T09:29:18.788514+00:00,14.371688,time-only
2025-10-19T09:29:04.464692+00:00,Data Exfiltration via Python,2025-10-19T09:29:18.788514+00:00,14.323822,time-only
2025-10-19T09:29:04.464703+00:00,Data Exfiltration via Python,2025-10-19T09:29:18.788514+00:00,14.323811,time-only
2025-10-19T09:29:04.465381+00:00,Data Exfiltration via Python,2025-10-19T09:29:18.788514+00:00,14.323133,time-only
2025-10-19T09:29:04.465956+00:00,Data Exfiltration via Python,2025-10-19T09:29:18.788514+00:00,14.322558,time-only
2025-10-19T09:29:04.466004+00:00,Data Exfiltration via Python,2025-10-19T09:29:18.788514+00:00,14.322510,time-only
2025-10-19T09:29:04.510613+00:00,Data Exfiltration via Python,2025-10-19T09:29:18.788514+00:00,14.277901,time-only
2025-10-19T09:29:04.510682+00:00,Data Exfiltration via Python,2025-10-19T09:29:18.788514+00:00,14.277832,time-only
2025-10-19T09:29:04.511817+00:00,Data Exfiltration via Python,2025-10-19T09:29:18.788514+00:00,14.276697,time-only
2025-10-19T09:29:04.511850+00:00,Data Exfiltration via Python,2025-10-19T09:29:18.788514+00:00,14.276664,time-only
2025-10-19T09:29:04.511874+00:00,Data Exfiltration via Python,2025-10-19T09:29:18.788514+00:00,14.276640,time-only
2025-10-19T09:29:06.647466+00:00,Privileged Pod with Root Filesystem Mount,2025-10-19T09:29:18.788514+00:00,12.141048,time-only
2025-10-19T09:29:07.505748+00:00,Packet socket created in container,2025-10-19T09:29:18.788514+00:00,11.282766,time-only
2025-10-19T09:29:46.673633+00:00,Data Exfiltration via Python,2025-10-19T09:30:00.848880+00:00,14.175247,time-only
2025-10-19T09:29:46.673695+00:00,Data Exfiltration via Python,2025-10-19T09:30:00.848880+00:00,14.175185,time-only
2025-10-19T09:29:46.691913+00:00,Data Exfiltration via Python,2025-10-19T09:30:00.848880+00:00,14.156967,time-only
2025-10-19T09:29:46.691975+00:00,Data Exfiltration via Python,2025-10-19T09:30:00.848880+00:00,14.156905,time-only
2025-10-19T09:29:46.739710+00:00,Data Exfiltration via Python,2025-10-19T09:30:00.848880+00:00,14.109170,time-only
2025-10-19T09:29:46.739753+00:00,Data Exfiltration via Python,2025-10-19T09:30:00.848880+00:00,14.109127,time-only
2025-10-19T09:29:46.848848+00:00,Data Exfiltration via Python,2025-10-19T09:30:00.848880+00:00,14.000032,time-only
2025-10-19T09:29:46.850881+00:00,Data Exfiltration via Python,2025-10-19T09:30:00.848880+00:00,13.997999,time-only
2025-10-19T09:29:46.850967+00:00,Data Exfiltration via Python,2025-10-19T09:30:00.848880+00:00,13.997913,time-only
2025-10-19T09:29:48.630340+00:00,Privileged Pod with Root Filesystem Mount,2025-10-19T09:30:00.848880+00:00,12.218540,time-only
2025-10-19T09:29:49.531304+00:00,Packet socket created in container,2025-10-19T09:30:00.848880+00:00,11.317576,time-only
2025-10-19T09:29:54.026721+00:00,Data Exfiltration via Python,2025-10-19T09:30:00.848880+00:00,6.822159,time-only
2025-10-19T09:29:54.026808+00:00,Data Exfiltration via Python,2025-10-19T09:30:00.848880+00:00,6.822072,time-only
2025-10-19T09:29:54.034828+00:00,Data Exfiltration via Python,2025-10-19T09:30:00.848880+00:00,6.814052,time-only
2025-10-19T09:29:54.034967+00:00,Data Exfiltration via Python,2025-10-19T09:30:00.848880+00:00,6.813913,time-only
2025-10-19T09:29:54.087114+00:00,Data Exfiltration via Python,2025-10-19T09:30:00.848880+00:00,6.761766,time-only
2025-10-19T09:29:54.087165+00:00,Data Exfiltration via Python,2025-10-19T09:30:00.848880+00:00,6.761715,time-only
2025-10-19T09:29:54.192088+00:00,Data Exfiltration via Python,2025-10-19T09:30:00.848880+00:00,6.656792,time-only
2025-10-19T09:29:54.192112+00:00,Data Exfiltration via Python,2025-10-19T09:30:00.848880+00:00,6.656768,time-only
2025-10-19T09:29:54.192136+00:00,Data Exfiltration via Python,2025-10-19T09:30:00.848880+00:00,6.656744,time-only
2025-10-19T09:30:01.991428+00:00,Data Exfiltration via Python,2025-10-19T09:30:19.387445+00:00,17.396017,time-only
2025-10-19T09:30:01.991543+00:00,Data Exfiltration via Python,2025-10-19T09:30:19.387445+00:00,17.395902,time-only
2025-10-19T09:30:01.994399+00:00,Data Exfiltration via Python,2025-10-19T09:30:19.387445+00:00,17.393046,time-only
2025-10-19T09:30:01.994454+00:00,Data Exfiltration via Python,2025-10-19T09:30:19.387445+00:00,17.392991,time-only
2025-10-19T09:30:02.009816+00:00,Data Exfiltration via Python,2025-10-19T09:30:19.387445+00:00,17.377629,time-only
2025-10-19T09:30:02.009849+00:00,Data Exfiltration via Python,2025-10-19T09:30:19.387445+00:00,17.377596,time-only
2025-10-19T09:30:02.112258+00:00,Data Exfiltration via Python,2025-10-19T09:30:19.387445+00:00,17.275187,time-only
2025-10-19T09:30:02.112280+00:00,Data Exfiltration via Python,2025-10-19T09:30:19.387445+00:00,17.275165,time-only
2025-10-19T09:30:02.112298+00:00,Data Exfiltration via Python,2025-10-19T09:30:19.387445+00:00,17.275147,time-only
2025-10-19T09:30:06.856716+00:00,Privileged Pod with Root Filesystem Mount,2025-10-19T09:30:19.387445+00:00,12.530729,time-only
2025-10-19T09:30:08.095062+00:00,Packet socket created in container,2025-10-19T09:30:19.387445+00:00,11.292383,time-only
2025-10-19T09:30:18.156845+00:00,Data Exfiltration via Python,2025-10-19T09:30:19.387445+00:00,1.230600,time-only
2025-10-19T09:30:18.156858+00:00,Data Exfiltration via Python,2025-10-19T09:30:19.387445+00:00,1.230587,time-only
2025-10-19T09:30:18.579844+00:00,Data Exfiltration via Python,2025-10-19T09:30:19.387445+00:00,0.807601,time-only
2025-10-19T09:30:18.579861+00:00,Data Exfiltration via Python,2025-10-19T09:30:19.387445+00:00,0.807584,time-only
2025-10-19T09:30:18.579883+00:00,Data Exfiltration via Python,2025-10-19T09:30:19.387445+00:00,0.807562,time-only
2025-10-19T09:30:18.579909+00:00,Data Exfiltration via Python,2025-10-19T09:30:19.387445+00:00,0.807536,time-only
2025-10-19T09:30:18.594011+00:00,Data Exfiltration via Python,2025-10-19T09:30:19.387445+00:00,0.793434,time-only
2025-10-19T09:30:18.594026+00:00,Data Exfiltration via Python,2025-10-19T09:30:19.387445+00:00,0.793419,time-only
2025-10-19T09:30:18.596603+00:00,Data Exfiltration via Python,2025-10-19T09:30:19.387445+00:00,0.790842,time-only
2025-10-19T09:30:18.596621+00:00,Data Exfiltration via Python,2025-10-19T09:30:19.387445+00:00,0.790824,time-only
2025-10-19T09:30:18.596643+00:00,Data Exfiltration via Python,2025-10-19T09:30:19.387445+00:00,0.790802,time-only
2025-10-19T09:30:18.763609+00:00,Data Exfiltration via Python,2025-10-19T09:30:19.387445+00:00,0.623836,time-only
2025-10-19T09:30:18.763629+00:00,Data Exfiltration via Python,2025-10-19T09:30:19.387445+00:00,0.623816,time-only
2025-10-19T09:30:18.800669+00:00,Data Exfiltration via Python,2025-10-19T09:30:19.387445+00:00,0.586776,time-only
2025-10-19T09:30:18.800961+00:00,Data Exfiltration via Python,2025-10-19T09:30:19.387445+00:00,0.586484,time-only
2025-10-19T09:30:18.800981+00:00,Data Exfiltration via Python,2025-10-19T09:30:19.387445+00:00,0.586464,time-only
2025-10-19T09:30:18.806570+00:00,Data Exfiltration via Python,2025-10-19T09:30:19.387445+00:00,0.580875,time-only
2025-10-19T09:30:18.806590+00:00,Data Exfiltration via Python,2025-10-19T09:30:19.387445+00:00,0.580855,time-only
2025-10-19T09:30:18.808279+00:00,Data Exfiltration via Python,2025-10-19T09:30:19.387445+00:00,0.579166,time-only
2025-10-19T09:30:18.808721+00:00,Data Exfiltration via Python,2025-10-19T09:30:19.387445+00:00,0.578724,time-only
2025-10-19T09:30:18.808765+00:00,Data Exfiltration via Python,2025-10-19T09:30:19.387445+00:00,0.578680,time-only
2025-10-19T09:30:19.487426+00:00,Data Exfiltration via Python,2025-10-19T09:30:37.901893+00:00,18.414467,time-only
2025-10-19T09:30:19.487503+00:00,Data Exfiltration via Python,2025-10-19T09:30:37.901893+00:00,18.414390,time-only
2025-10-19T09:30:19.492037+00:00,Data Exfiltration via Python,2025-10-19T09:30:37.901893+00:00,18.409856,time-only
2025-10-19T09:30:19.493360+00:00,Data Exfiltration via Python,2025-10-19T09:30:37.901893+00:00,18.408533,time-only
2025-10-19T09:30:19.493723+00:00,Data Exfiltration via Python,2025-10-19T09:30:37.901893+00:00,18.408170,time-only
2025-10-19T09:30:25.528476+00:00,Data Exfiltration via Python,2025-10-19T09:30:37.901893+00:00,12.373417,time-only
2025-10-19T09:30:25.528554+00:00,Data Exfiltration via Python,2025-10-19T09:30:37.901893+00:00,12.373339,time-only
2025-10-19T09:30:25.531257+00:00,Data Exfiltration via Python,2025-10-19T09:30:37.901893+00:00,12.370636,time-only
2025-10-19T09:30:25.531337+00:00,Data Exfiltration via Python,2025-10-19T09:30:37.901893+00:00,12.370556,time-only
2025-10-19T09:30:25.584603+00:00,Data Exfiltration via Python,2025-10-19T09:30:37.901893+00:00,12.317290,time-only
2025-10-19T09:30:25.584640+00:00,Data Exfiltration via Python,2025-10-19T09:30:37.901893+00:00,12.317253,time-only
2025-10-19T09:30:25.600442+00:00,Privileged Pod with Root Filesystem Mount,2025-10-19T09:30:37.901893+00:00,12.301451,time-only
2025-10-19T09:30:25.687116+00:00,Data Exfiltration via Python,2025-10-19T09:30:37.901893+00:00,12.214777,time-only
2025-10-19T09:30:25.687138+00:00,Data Exfiltration via Python,2025-10-19T09:30:37.901893+00:00,12.214755,time-only
2025-10-19T09:30:25.687158+00:00,Data Exfiltration via Python,2025-10-19T09:30:37.901893+00:00,12.214735,time-only
2025-10-19T09:30:26.620150+00:00,Packet socket created in container,2025-10-19T09:30:37.901893+00:00,11.281743,time-only
2025-10-19T09:30:44.124208+00:00,Privileged Pod with Root Filesystem Mount,2025-10-19T09:30:55.908684+00:00,11.784476,time-only
2025-10-19T09:30:44.676518+00:00,Packet socket created in container,2025-10-19T09:30:55.908684+00:00,11.232166,time-only
2025-10-19T09:31:01.813132+00:00,Privileged Pod with Root Filesystem Mount,2025-10-19T09:31:14.943377+00:00,13.130245,time-only
2025-10-19T09:31:03.713635+00:00,Packet socket created in container,2025-10-19T09:31:14.943377+00:00,11.229742,time-only
2025-10-19T09:31:03.931164+00:00,Data Exfiltration via Python,2025-10-19T09:31:14.943377+00:00,11.012213,time-only
2025-10-19T09:31:03.931257+00:00,Data Exfiltration via Python,2025-10-19T09:31:14.943377+00:00,11.012120,time-only
2025-10-19T09:31:03.931371+00:00,Data Exfiltration via Python,2025-10-19T09:31:14.943377+00:00,11.012006,time-only
2025-10-19T09:31:03.931443+00:00,Data Exfiltration via Python,2025-10-19T09:31:14.943377+00:00,11.011934,time-only
2025-10-19T09:31:03.979636+00:00,Data Exfiltration via Python,2025-10-19T09:31:14.943377+00:00,10.963741,time-only
2025-10-19T09:31:03.979704+00:00,Data Exfiltration via Python,2025-10-19T09:31:14.943377+00:00,10.963673,time-only
2025-10-19T09:31:04.082123+00:00,Data Exfiltration via Python,2025-10-19T09:31:14.943377+00:00,10.861254,time-only
2025-10-19T09:31:04.082361+00:00,Data Exfiltration via Python,2025-10-19T09:31:14.943377+00:00,10.861016,time-only
2025-10-19T09:31:04.082375+00:00,Data Exfiltration via Python,2025-10-19T09:31:14.943377+00:00,10.861002,time-only
2025-10-19T09:31:21.394705+00:00,Privileged Pod with Root Filesystem Mount,2025-10-19T09:31:34.168232+00:00,12.773527,time-only
2025-10-19T09:31:22.859708+00:00,Packet socket created in container,2025-10-19T09:31:34.168232+00:00,11.308524,time-only
2025-10-19T09:32:34.033545+00:00,Data Exfiltration via Python,2025-10-19T09:32:48.413476+00:00,14.379931,time-only
2025-10-19T09:32:34.033622+00:00,Data Exfiltration via Python,2025-10-19T09:32:48.413476+00:00,14.379854,time-only
2025-10-19T09:32:34.041706+00:00,Data Exfiltration via Python,2025-10-19T09:32:48.413476+00:00,14.371770,time-only
2025-10-19T09:32:34.041782+00:00,Data Exfiltration via Python,2025-10-19T09:32:48.413476+00:00,14.371694,time-only
2025-10-19T09:32:34.058548+00:00,Data Exfiltration via Python,2025-10-19T09:32:48.413476+00:00,14.354928,time-only
2025-10-19T09:32:34.058638+00:00,Data Exfiltration via Python,2025-10-19T09:32:48.413476+00:00,14.354838,time-only
2025-10-19T09:32:34.064791+00:00,Data Exfiltration via Python,2025-10-19T09:32:48.413476+00:00,14.348685,time-only
2025-10-19T09:32:34.070526+00:00,Data Exfiltration via Python,2025-10-19T09:32:48.413476+00:00,14.342950,time-only
2025-10-19T09:32:34.070600+00:00,Data Exfiltration via Python,2025-10-19T09:32:48.413476+00:00,14.342876,time-only
2025-10-19T09:32:36.271142+00:00,Privileged Pod with Root Filesystem Mount,2025-10-19T09:32:48.413476+00:00,12.142334,time-only
2025-10-19T09:32:37.214706+00:00,Packet socket created in container,2025-10-19T09:32:48.413476+00:00,11.198770,time-only
2025-10-19T09:32:50.524676+00:00,Data Exfiltration via Python,2025-10-19T09:33:06.298469+00:00,15.773793,time-only
2025-10-19T09:32:50.524771+00:00,Data Exfiltration via Python,2025-10-19T09:33:06.298469+00:00,15.773698,time-only
2025-10-19T09:32:50.537684+00:00,Data Exfiltration via Python,2025-10-19T09:33:06.298469+00:00,15.760785,time-only
2025-10-19T09:32:50.538228+00:00,Data Exfiltration via Python,2025-10-19T09:33:06.298469+00:00,15.760241,time-only
2025-10-19T09:32:50.550781+00:00,Data Exfiltration via Python,2025-10-19T09:33:06.298469+00:00,15.747688,time-only
2025-10-19T09:32:50.551335+00:00,Data Exfiltration via Python,2025-10-19T09:33:06.298469+00:00,15.747134,time-only
2025-10-19T09:32:50.558166+00:00,Data Exfiltration via Python,2025-10-19T09:33:06.298469+00:00,15.740303,time-only
2025-10-19T09:32:50.564665+00:00,Data Exfiltration via Python,2025-10-19T09:33:06.298469+00:00,15.733804,time-only
2025-10-19T09:32:50.564754+00:00,Data Exfiltration via Python,2025-10-19T09:33:06.298469+00:00,15.733715,time-only
2025-10-19T09:32:53.903637+00:00,Privileged Pod with Root Filesystem Mount,2025-10-19T09:33:06.298469+00:00,12.394832,time-only
2025-10-19T09:32:55.031672+00:00,Packet socket created in container,2025-10-19T09:33:06.298469+00:00,11.266797,time-only
2025-10-19T09:34:56.972358+00:00,Data Exfiltration via Python,2025-10-19T09:35:11.368059+00:00,14.395701,time-only
2025-10-19T09:34:56.972428+00:00,Data Exfiltration via Python,2025-10-19T09:35:11.368059+00:00,14.395631,time-only
2025-10-19T09:34:56.974750+00:00,Data Exfiltration via Python,2025-10-19T09:35:11.368059+00:00,14.393309,time-only
2025-10-19T09:34:56.974932+00:00,Data Exfiltration via Python,2025-10-19T09:35:11.368059+00:00,14.393127,time-only
2025-10-19T09:34:56.996659+00:00,Data Exfiltration via Python,2025-10-19T09:35:11.368059+00:00,14.371400,time-only
2025-10-19T09:34:56.996725+00:00,Data Exfiltration via Python,2025-10-19T09:35:11.368059+00:00,14.371334,time-only
2025-10-19T09:34:57.003314+00:00,Data Exfiltration via Python,2025-10-19T09:35:11.368059+00:00,14.364745,time-only
2025-10-19T09:34:57.007227+00:00,Data Exfiltration via Python,2025-10-19T09:35:11.368059+00:00,14.360832,time-only
2025-10-19T09:34:57.007363+00:00,Data Exfiltration via Python,2025-10-19T09:35:11.368059+00:00,14.360696,time-only
2025-10-19T09:34:59.269826+00:00,Privileged Pod with Root Filesystem Mount,2025-10-19T09:35:11.368059+00:00,12.098233,time-only
2025-10-19T09:35:00.169372+00:00,Packet socket created in container,2025-10-19T09:35:11.368059+00:00,11.198687,time-only
2025-10-19T09:35:09.394657+00:00,Data Exfiltration via Python,2025-10-19T09:35:11.368059+00:00,1.973402,time-only
2025-10-19T09:35:09.394755+00:00,Data Exfiltration via Python,2025-10-19T09:35:11.368059+00:00,1.973304,time-only
2025-10-19T09:35:09.394826+00:00,Data Exfiltration via Python,2025-10-19T09:35:11.368059+00:00,1.973233,time-only
2025-10-19T09:35:09.436367+00:00,Data Exfiltration via Python,2025-10-19T09:35:11.368059+00:00,1.931692,time-only
2025-10-19T09:35:09.436432+00:00,Data Exfiltration via Python,2025-10-19T09:35:11.368059+00:00,1.931627,time-only
2025-10-19T09:35:09.436511+00:00,Data Exfiltration via Python,2025-10-19T09:35:11.368059+00:00,1.931548,time-only
2025-10-19T09:35:17.849451+00:00,Privileged Pod with Root Filesystem Mount,2025-10-19T09:35:30.924560+00:00,13.075109,time-only
2025-10-19T09:35:18.907826+00:00,Data Exfiltration via Python,2025-10-19T09:35:30.924560+00:00,12.016734,time-only
2025-10-19T09:35:18.907906+00:00,Data Exfiltration via Python,2025-10-19T09:35:30.924560+00:00,12.016654,time-only
2025-10-19T09:35:18.926372+00:00,Data Exfiltration via Python,2025-10-19T09:35:30.924560+00:00,11.998188,time-only
2025-10-19T09:35:18.926538+00:00,Data Exfiltration via Python,2025-10-19T09:35:30.924560+00:00,11.998022,time-only
2025-10-19T09:35:18.957121+00:00,Data Exfiltration via Python,2025-10-19T09:35:30.924560+00:00,11.967439,time-only
2025-10-19T09:35:18.957173+00:00,Data Exfiltration via Python,2025-10-19T09:35:30.924560+00:00,11.967387,time-only
2025-10-19T09:35:19.060384+00:00,Data Exfiltration via Python,2025-10-19T09:35:30.924560+00:00,11.864176,time-only
2025-10-19T09:35:19.060786+00:00,Data Exfiltration via Python,2025-10-19T09:35:30.924560+00:00,11.863774,time-only
2025-10-19T09:35:19.060807+00:00,Data Exfiltration via Python,2025-10-19T09:35:30.924560+00:00,11.863753,time-only
2025-10-19T09:35:19.710171+00:00,Packet socket created in container,2025-10-19T09:35:30.924560+00:00,11.214389,time-only
2025-10-19T09:35:37.086502+00:00,Privileged Pod with Root Filesystem Mount,2025-10-19T09:35:49.790972+00:00,12.704470,time-only
2025-10-19T09:35:38.441654+00:00,Packet socket created in container,2025-10-19T09:35:49.790972+00:00,11.349318,time-only
2025-10-19T09:35:42.450564+00:00,Data Exfiltration via Python,2025-10-19T09:35:49.790972+00:00,7.340408,time-only
2025-10-19T09:35:42.450655+00:00,Data Exfiltration via Python,2025-10-19T09:35:49.790972+00:00,7.340317,time-only
2025-10-19T09:35:42.451713+00:00,Data Exfiltration via Python,2025-10-19T09:35:49.790972+00:00,7.339259,time-only
2025-10-19T09:35:42.451797+00:00,Data Exfiltration via Python,2025-10-19T09:35:49.790972+00:00,7.339175,time-only
2025-10-19T09:35:42.511170+00:00,Data Exfiltration via Python,2025-10-19T09:35:49.790972+00:00,7.279802,time-only
2025-10-19T09:35:42.511290+00:00,Data Exfiltration via Python,2025-10-19T09:35:49.790972+00:00,7.279682,time-only
2025-10-19T09:35:42.619315+00:00,Data Exfiltration via Python,2025-10-19T09:35:49.790972+00:00,7.171657,time-only
2025-10-19T09:35:42.621229+00:00,Data Exfiltration via Python,2025-10-19T09:35:49.790972+00:00,7.169743,time-only
2025-10-19T09:35:42.621319+00:00,Data Exfiltration via Python,2025-10-19T09:35:49.790972+00:00,7.169653,time-only
2025-10-19T09:35:53.676542+00:00,Data Exfiltration via Python,2025-10-19T09:36:08.377560+00:00,14.701018,time-only
2025-10-19T09:35:53.676672+00:00,Data Exfiltration via Python,2025-10-19T09:36:08.377560+00:00,14.700888,time-only
2025-10-19T09:35:53.676842+00:00,Data Exfiltration via Python,2025-10-19T09:36:08.377560+00:00,14.700718,time-only
2025-10-19T09:35:53.692507+00:00,Data Exfiltration via Python,2025-10-19T09:36:08.377560+00:00,14.685053,time-only
2025-10-19T09:35:53.692533+00:00,Data Exfiltration via Python,2025-10-19T09:36:08.377560+00:00,14.685027,time-only
2025-10-19T09:35:53.795866+00:00,Data Exfiltration via Python,2025-10-19T09:36:08.377560+00:00,14.581694,time-only
2025-10-19T09:35:53.795886+00:00,Data Exfiltration via Python,2025-10-19T09:36:08.377560+00:00,14.581674,time-only
2025-10-19T09:35:53.795906+00:00,Data Exfiltration via Python,2025-10-19T09:36:08.377560+00:00,14.581654,time-only
2025-10-19T09:35:55.960008+00:00,Privileged Pod with Root Filesystem Mount,2025-10-19T09:36:08.377560+00:00,12.417552,time-only
2025-10-19T09:35:57.090672+00:00,Packet socket created in container,2025-10-19T09:36:08.377560+00:00,11.286888,time-only
2025-10-19T09:36:07.279935+00:00,Data Exfiltration via Python,2025-10-19T09:36:08.377560+00:00,1.097625,time-only
2025-10-19T09:36:07.280027+00:00,Data Exfiltration via Python,2025-10-19T09:36:08.377560+00:00,1.097533,time-only
2025-10-19T09:36:07.280375+00:00,Data Exfiltration via Python,2025-10-19T09:36:08.377560+00:00,1.097185,time-only
2025-10-19T09:36:07.280502+00:00,Data Exfiltration via Python,2025-10-19T09:36:08.377560+00:00,1.097058,time-only
2025-10-19T09:36:07.445572+00:00,Data Exfiltration via Python,2025-10-19T09:36:08.377560+00:00,0.931988,time-only
2025-10-19T09:36:07.445639+00:00,Data Exfiltration via Python,2025-10-19T09:36:08.377560+00:00,0.931921,time-only
2025-10-19T09:36:07.445701+00:00,Data Exfiltration via Python,2025-10-19T09:36:08.377560+00:00,0.931859,time-only
2025-10-19T09:36:14.477007+00:00,Privileged Pod with Root Filesystem Mount,2025-10-19T09:36:27.176612+00:00,12.699605,time-only
2025-10-19T09:36:15.838526+00:00,Packet socket created in container,2025-10-19T09:36:27.176612+00:00,11.338086,time-only
2025-10-19T09:36:33.326434+00:00,Privileged Pod with Root Filesystem Mount,2025-10-19T09:36:45.828511+00:00,12.502077,time-only
2025-10-19T09:36:34.040442+00:00,Data Exfiltration via Python,2025-10-19T09:36:45.828511+00:00,11.788069,time-only
2025-10-19T09:36:34.040533+00:00,Data Exfiltration via Python,2025-10-19T09:36:45.828511+00:00,11.787978,time-only
2025-10-19T09:36:34.061047+00:00,Data Exfiltration via Python,2025-10-19T09:36:45.828511+00:00,11.767464,time-only
2025-10-19T09:36:34.061162+00:00,Data Exfiltration via Python,2025-10-19T09:36:45.828511+00:00,11.767349,time-only
2025-10-19T09:36:34.276069+00:00,Data Exfiltration via Python,2025-10-19T09:36:45.828511+00:00,11.552442,time-only
2025-10-19T09:36:34.276098+00:00,Data Exfiltration via Python,2025-10-19T09:36:45.828511+00:00,11.552413,time-only
2025-10-19T09:36:34.386501+00:00,Data Exfiltration via Python,2025-10-19T09:36:45.828511+00:00,11.442010,time-only
2025-10-19T09:36:34.386574+00:00,Data Exfiltration via Python,2025-10-19T09:36:45.828511+00:00,11.441937,time-only
2025-10-19T09:36:34.387532+00:00,Data Exfiltration via Python,2025-10-19T09:36:45.828511+00:00,11.440979,time-only
2025-10-19T09:36:34.593026+00:00,Packet socket created in container,2025-10-19T09:36:45.828511+00:00,11.235485,time-only
2025-10-19T09:36:51.854923+00:00,Privileged Pod with Root Filesystem Mount,2025-10-19T09:37:04.742843+00:00,12.887920,time-only
2025-10-19T09:36:53.530023+00:00,Packet socket created in container,2025-10-19T09:37:04.742843+00:00,11.212820,time-only
2025-10-19T09:38:56.964376+00:00,Data Exfiltration via Python,2025-10-19T09:39:12.660817+00:00,15.696441,time-only
2025-10-19T09:38:56.964415+00:00,Data Exfiltration via Python,2025-10-19T09:39:12.660817+00:00,15.696402,time-only
2025-10-19T09:38:56.964433+00:00,Data Exfiltration via Python,2025-10-19T09:39:12.660817+00:00,15.696384,time-only
2025-10-19T09:38:57.121665+00:00,Contact K8S API Server From Container,2025-10-19T09:39:12.660817+00:00,15.539152,time-only
2025-10-19T09:38:57.206453+00:00,Data Exfiltration via Python,2025-10-19T09:39:12.660817+00:00,15.454364,time-only
2025-10-19T09:38:57.206471+00:00,Data Exfiltration via Python,2025-10-19T09:39:12.660817+00:00,15.454346,time-only
2025-10-19T09:38:57.315768+00:00,Data Exfiltration via Python,2025-10-19T09:39:12.660817+00:00,15.345049,time-only
2025-10-19T09:38:57.316114+00:00,Data Exfiltration via Python,2025-10-19T09:39:12.660817+00:00,15.344703,time-only
2025-10-19T09:38:57.316183+00:00,Data Exfiltration via Python,2025-10-19T09:39:12.660817+00:00,15.344634,time-only
2025-10-19T09:38:59.565855+00:00,Privileged Pod with Root Filesystem Mount,2025-10-19T09:39:12.660817+00:00,13.094962,time-only
2025-10-19T09:39:01.351012+00:00,Packet socket created in container,2025-10-19T09:39:12.660817+00:00,11.309805,time-only
2025-10-19T09:39:41.789903+00:00,Data Exfiltration via Python,2025-10-19T09:39:56.933525+00:00,15.143622,time-only
2025-10-19T09:39:41.789929+00:00,Data Exfiltration via Python,2025-10-19T09:39:56.933525+00:00,15.143596,time-only
2025-10-19T09:39:41.790451+00:00,Data Exfiltration via Python,2025-10-19T09:39:56.933525+00:00,15.143074,time-only
2025-10-19T09:39:41.790472+00:00,Data Exfiltration via Python,2025-10-19T09:39:56.933525+00:00,15.143053,time-only
2025-10-19T09:39:41.897801+00:00,Contact K8S API Server From Container,2025-10-19T09:39:56.933525+00:00,15.035724,time-only
2025-10-19T09:39:42.023229+00:00,Data Exfiltration via Python,2025-10-19T09:39:56.933525+00:00,14.910296,time-only
2025-10-19T09:39:42.023245+00:00,Data Exfiltration via Python,2025-10-19T09:39:56.933525+00:00,14.910280,time-only
2025-10-19T09:39:42.131736+00:00,Data Exfiltration via Python,2025-10-19T09:39:56.933525+00:00,14.801789,time-only
2025-10-19T09:39:42.131810+00:00,Data Exfiltration via Python,2025-10-19T09:39:56.933525+00:00,14.801715,time-only
2025-10-19T09:39:42.132118+00:00,Data Exfiltration via Python,2025-10-19T09:39:56.933525+00:00,14.801407,time-only
2025-10-19T09:39:42.257117+00:00,Drop and execute new binary in container,2025-10-19T09:39:56.933525+00:00,14.676408,time-only
2025-10-19T09:39:42.662513+00:00,Privileged Pod with Root Filesystem Mount,2025-10-19T09:39:56.933525+00:00,14.271012,time-only
2025-10-19T09:39:42.800114+00:00,Cryptominer Process Detected,2025-10-19T09:39:56.933525+00:00,14.133411,time-only
2025-10-19T09:39:43.066617+00:00,Cryptominer Process Detected,2025-10-19T09:39:56.933525+00:00,13.866908,time-only
2025-10-19T09:39:43.134847+00:00,Cryptominer Process Detected,2025-10-19T09:39:56.933525+00:00,13.798678,time-only
2025-10-19T09:39:43.146744+00:00,Cryptominer Process Detected,2025-10-19T09:39:56.933525+00:00,13.786781,time-only
2025-10-19T09:39:43.152013+00:00,File Attribute Modification,2025-10-19T09:39:56.933525+00:00,13.781512,time-only
2025-10-19T09:39:43.172360+00:00,Suspicious LD_PRELOAD Modification,2025-10-19T09:39:56.933525+00:00,13.761165,time-only
2025-10-19T09:39:43.216855+00:00,Drop and execute new binary in container,2025-10-19T09:39:56.933525+00:00,13.716670,time-only
2025-10-19T09:39:43.223822+00:00,Container Escape via Chroot,2025-10-19T09:39:56.933525+00:00,13.709703,time-only
2025-10-19T09:39:43.223826+00:00,Container Escape via Chroot,2025-10-19T09:39:56.933525+00:00,13.709699,time-only
2025-10-19T09:39:44.278628+00:00,K8s Token Read by Shell or Script,2025-10-19T09:39:56.933525+00:00,12.654897,time-only
2025-10-19T09:39:44.317257+00:00,Privileged Pod with Root Filesystem Mount,2025-10-19T09:39:56.933525+00:00,12.616268,time-only
2025-10-19T09:39:44.607819+00:00,Network Port Scan with Python,2025-10-19T09:39:56.933525+00:00,12.325706,time-only
2025-10-19T09:39:44.607830+00:00,Network Port Scan with Python,2025-10-19T09:39:56.933525+00:00,12.325695,time-only
2025-10-19T09:39:44.608307+00:00,Network Port Scan with Python,2025-10-19T09:39:56.933525+00:00,12.325218,time-only
2025-10-19T09:39:44.608683+00:00,Network Port Scan with Python,2025-10-19T09:39:56.933525+00:00,12.324842,time-only
2025-10-19T09:39:44.608925+00:00,Network Port Scan with Python,2025-10-19T09:39:56.933525+00:00,12.324600,time-only
2025-10-19T09:39:44.609526+00:00,Network Port Scan with Python,2025-10-19T09:39:56.933525+00:00,12.323999,time-only
2025-10-19T09:39:44.610156+00:00,Network Port Scan with Python,2025-10-19T09:39:56.933525+00:00,12.323369,time-only
2025-10-19T09:39:44.610432+00:00,Network Port Scan with Python,2025-10-19T09:39:56.933525+00:00,12.323093,time-only
2025-10-19T09:39:44.611106+00:00,Network Port Scan with Python,2025-10-19T09:39:56.933525+00:00,12.322419,time-only
2025-10-19T09:39:44.611478+00:00,Network Port Scan with Python,2025-10-19T09:39:56.933525+00:00,12.322047,time-only
2025-10-19T09:39:44.612024+00:00,Network Port Scan with Python,2025-10-19T09:39:56.933525+00:00,12.321501,time-only
2025-10-19T09:39:44.619893+00:00,Network Port Scan with Python,2025-10-19T09:39:56.933525+00:00,12.313632,time-only
2025-10-19T09:39:44.620801+00:00,Network Port Scan with Python,2025-10-19T09:39:56.933525+00:00,12.312724,time-only
2025-10-19T09:39:44.621639+00:00,Network Port Scan with Python,2025-10-19T09:39:56.933525+00:00,12.311886,time-only
2025-10-19T09:39:44.623139+00:00,Network Port Scan with Python,2025-10-19T09:39:56.933525+00:00,12.310386,time-only
2025-10-19T09:39:44.624377+00:00,Network Port Scan with Python,2025-10-19T09:39:56.933525+00:00,12.309148,time-only
2025-10-19T09:39:44.624491+00:00,Data Exfiltration via Python,2025-10-19T09:39:56.933525+00:00,12.309034,time-only
2025-10-19T09:39:44.624533+00:00,Data Exfiltration via Python,2025-10-19T09:39:56.933525+00:00,12.308992,time-only
2025-10-19T09:39:44.714502+00:00,Cloud Credential Discovery,2025-10-19T09:39:56.933525+00:00,12.219023,time-only
2025-10-19T09:39:44.754024+00:00,Network Port Scan with Python,2025-10-19T09:39:56.933525+00:00,12.179501,time-only
2025-10-19T09:39:44.754040+00:00,Network Port Scan with Python,2025-10-19T09:39:56.933525+00:00,12.179485,time-only
2025-10-19T09:39:44.754456+00:00,Network Port Scan with Python,2025-10-19T09:39:56.933525+00:00,12.179069,time-only
2025-10-19T09:39:44.754928+00:00,Network Port Scan with Python,2025-10-19T09:39:56.933525+00:00,12.178597,time-only
2025-10-19T09:39:44.755486+00:00,Network Port Scan with Python,2025-10-19T09:39:56.933525+00:00,12.178039,time-only
2025-10-19T09:39:44.755795+00:00,Network Port Scan with Python,2025-10-19T09:39:56.933525+00:00,12.177730,time-only
2025-10-19T09:39:44.757023+00:00,Network Port Scan with Python,2025-10-19T09:39:56.933525+00:00,12.176502,time-only
2025-10-19T09:39:44.757939+00:00,Network Port Scan with Python,2025-10-19T09:39:56.933525+00:00,12.175586,time-only
2025-10-19T09:39:44.759181+00:00,Network Port Scan with Python,2025-10-19T09:39:56.933525+00:00,12.174344,time-only
2025-10-19T09:39:44.797011+00:00,Create Symlink Over Sensitive Files,2025-10-19T09:39:56.933525+00:00,12.136514,time-only
2025-10-19T09:39:44.814246+00:00,Drop and execute new binary in container,2025-10-19T09:39:56.933525+00:00,12.119279,time-only
2025-10-19T09:39:44.828696+00:00,Cryptominer Process Detected,2025-10-19T09:39:56.933525+00:00,12.104829,time-only
2025-10-19T09:39:44.829777+00:00,Drop and execute new binary in container,2025-10-19T09:39:56.933525+00:00,12.103748,time-only
2025-10-19T09:39:44.834115+00:00,Network Port Scan with Python,2025-10-19T09:39:56.933525+00:00,12.099410,time-only
2025-10-19T09:39:45.617345+00:00,Packet socket created in container,2025-10-19T09:39:56.933525+00:00,11.316180,time-only
2025-10-19T09:40:01.175798+00:00,K8s Token Read by Shell or Script,2025-10-19T09:40:18.987294+00:00,17.811496,time-only
2025-10-19T09:40:05.906447+00:00,Privileged Pod with Root Filesystem Mount,2025-10-19T09:40:18.987294+00:00,13.080847,time-only
